{
  "config": {
    "step": {
      "user": {
        "title": "设置双向同步",
        "description": "配置两个实体之间的双向同步",
        "data": {
          "entity1": "第一个实体",
          "entity2": "第二个实体",
          "enabled": "启用同步"
        }
      }
    },
    "error": {
      "same_entity": "不能选择相同的实体",
      "missing_entity": "请选择两个实体",
      "entity_not_found": "实体不存在"
    },
    "abort": {
      "already_configured": "此实体对已经配置过同步"
    }
  },
  "options": {
    "step": {
      "init": {
        "title": "双向同步选项",
        "description": "修改双向同步设置",
        "data": {
          "enabled": "启用同步"
        }
      }
    }
  },
  "services": {
    "manual_sync": {
      "name": "手动同步",
      "description": "手动触发两个实体之间的同步",
      "fields": {
        "config_entry_id": {
          "name": "配置条目ID",
          "description": "要同步的配置条目ID"
        },
        "direction": {
          "name": "同步方向",
          "description": "同步方向：entity1_to_entity2 或 entity2_to_entity1"
        }
      }
    },
    "toggle_sync": {
      "name": "切换同步状态",
      "description": "启用或禁用指定配置的同步功能",
      "fields": {
        "config_entry_id": {
          "name": "配置条目ID",
          "description": "要切换的配置条目ID"
        }
      }
    }
  }
}